afwiki.tsv:118594	Optogenetika	1524272	2017-01-13T13:08:56Z	doi	10.7554/eLife.10482
arwiki.tsv:405464	التهاب الكبد ب	22060376	2017-01-02T22:57:35Z	doi	10.7554/eLife.00049
arwiki.tsv:918000	تذرية ليزرية	26223026	2017-12-23T22:05:00Z	doi	10.7554/eLife.02730
arwiki.tsv:1776671	علم البصريات الوراثي	21475754	2016-10-21T13:15:02Z	doi	10.7554/eLife.10482
arwiki.tsv:1798886	راندي شيكمان	11760028	2013-10-08T17:01:48Z	doi	10.7554/eLife.00855
arwiki.tsv:2669865	علاج مركب	15876081	2015-05-11T17:34:18Z	doi	10.7554/eLife.00747
arwiki.tsv:2737889	بريفوتيلا	16150927	2015-06-15T01:51:52Z	doi	10.7554/eLife.01202
arwiki.tsv:2835191	فيروس شيكونغونيا	16800309	2015-08-30T23:11:35Z	doi	10.7554/eLife.00435
arwiki.tsv:2864722	هومو ناليدي	16948143	2015-09-11T01:57:30Z	doi	10.7554/eLife.09561
arwiki.tsv:2864722	هومو ناليدي	16947889	2015-09-11T00:45:21Z	doi	10.7554/eLife.09560
arwiki.tsv:3049102	فيروس زيكا	18201560	2016-02-01T16:27:07Z	doi	10.7554/eLife.08347
arwiki.tsv:3866364	مجهر إلكتروني فائق البرودة	24811279	2017-10-04T10:47:58Z	doi	10.7554/elife.03678
arwiki.tsv:3964831	محرك الجينات	25677436	2017-11-23T22:05:04Z	doi	10.7554/eLife.03401
astwiki.tsv:79694	Virus del Zika	1002490	2016-05-30T16:27:24Z	doi	10.7554/eLife.08347
astwiki.tsv:113403	Escherichia coli	1245555	2018-02-24T14:16:43Z	doi	10.7554/eLife.05826
azwiki.tsv:418927	Homo naledi	3416607	2015-11-08T17:47:54Z	doi	10.7554/eLife.09560
bewiki.tsv:518807	Homo naledi	2827146	2017-09-18T19:39:46Z	doi	10.7554/eLife.09560
bnwiki.tsv:509157	চিকুনগুনিয়া	2335636	2016-09-05T10:44:24Z	doi	10.7554/eLife.00435
bnwiki.tsv:558400	সালোকসংশ্লেষণের বিবর্তন	2557865	2017-03-18T18:32:27Z	doi	10.7554/eLife.00961
bswiki.tsv:407603	Hipokampus	2694684	2016-02-12T16:44:28Z	doi	10.7554/eLife.09960
bswiki.tsv:413551	Dinein	2731643	2016-06-14T23:18:04Z	doi	10.7554/eLife.03351
bswiki.tsv:422071	Tamno masno tkivo	2785658	2016-12-10T00:11:03Z	doi	10.7554/eLife.00065
bswiki.tsv:422937	Fototaksija	2789520	2016-12-26T12:18:53Z	doi	10.7554/eLife.02730
cswiki.tsv:180261	Ploštěnci	13684675	2016-05-16T06:49:49Z	doi	10.7554/eLife.05503
cswiki.tsv:1135057	Homo naledi	12881105	2015-09-10T13:28:08Z	doi	10.7554/eLife.09560
cywiki.tsv:166133	Ogof y 'Rising Star'	1723517	2015-09-28T22:07:28Z	doi	10.7554/eLife.09560
cywiki.tsv:166133	Ogof y 'Rising Star'	1723521	2015-09-28T22:42:03Z	doi	10.7554/eLife.09561
cywiki.tsv:166147	Homo naledi	2579054	2017-05-16T06:24:14Z	doi	10.7554/eLife.24232
cywiki.tsv:166147	Homo naledi	2579054	2017-05-16T06:24:14Z	doi	10.7554/eLife.24231
cywiki.tsv:166147	Homo naledi	1723566	2015-09-29T12:42:53Z	doi	10.7554/eLife.09561
cywiki.tsv:166147	Homo naledi	2579054	2017-05-16T06:24:14Z	doi	10.7554/eLife.09560
cywiki.tsv:167671	Epidemig y firws Zika	1736730	2016-02-24T06:35:13Z	doi	10.7554/eLife.08347
dawiki.tsv:875946	Homo naledi	8516607	2016-04-15T07:49:20Z	doi	10.7554/eLife.09560
dewiki.tsv:1271374	Chromatin	121256544	2013-08-06T09:56:06Z	doi	10.7554/eLife.00078
dewiki.tsv:142540	Pferde	171484957	2017-11-28T19:49:35Z	doi	10.7554/eLife.29944
dewiki.tsv:1367909	Platynereis dumerilii	167449642	2017-07-20T22:01:09Z	doi	10.7554/eLife.02730
dewiki.tsv:1158767	Urvorfahr	165942355	2017-05-30T15:40:21Z	doi	10.7554/eLife.14589
dewiki.tsv:1226714	Max-Planck-Institut für molekulare Physiologie	152036269	2016-02-29T15:59:23Z	doi	10.7554/eLife.05269
dewiki.tsv:1226714	Max-Planck-Institut für molekulare Physiologie	152036269	2016-02-29T15:59:23Z	doi	10.7554/eLife.02978
dewiki.tsv:1226714	Max-Planck-Institut für molekulare Physiologie	152036269	2016-02-29T15:59:23Z	doi	10.7554/eLife.01030
dewiki.tsv:1764115	Elephas	166173921	2017-06-07T18:03:53Z	doi	10.7554/eLife.25413
dewiki.tsv:291722	Rheumatoide Arthritis	124223276	2013-11-07T10:15:47Z	doi	10.7554/eLife.01608
dewiki.tsv:34770	Homo	145901377	2015-09-10T10:38:25Z	doi	10.7554/eLife.09560
dewiki.tsv:1794811	Terrence J. Sejnowski	150594449	2016-01-23T15:11:35Z	doi	10.7554/eLife.10778
dewiki.tsv:4633	Knorpelfische	126771563	2014-01-23T05:12:48Z	doi	10.7554/eLife.00590
dewiki.tsv:638236	L-Lactatdehydrogenase	150882087	2016-01-31T13:24:25Z	doi	10.7554/eLife.03640
dewiki.tsv:89009	Europäischer Waldelefant	166172910	2017-06-07T17:18:04Z	doi	10.7554/eLife.25413
dewiki.tsv:2500129	Hedgehog-Signalweg	172541000	2018-01-03T12:44:06Z	doi	10.7554/eLife.13308
dewiki.tsv:1464	Elefanten	166173569	2017-06-07T17:49:33Z	doi	10.7554/eLife.25413
dewiki.tsv:1003017	Wollhaarmammut	166176575	2017-06-07T19:38:28Z	doi	10.7554/eLife.25413
dewiki.tsv:2173063	Entwicklung von Einzellern zu Vielzellern	117826174	2013-04-23T17:08:56Z	doi	10.7554/eLife.00013
dewiki.tsv:1005173	Palaeoloxodon	166176787	2017-06-07T19:47:40Z	doi	10.7554/eLife.25413
dewiki.tsv:841813	Phytophthora infestans	123674630	2013-10-21T18:14:02Z	doi	10.7554/elife.00731
dewiki.tsv:4405794	Pandemie H1N1 2009/10	155700773	2016-06-28T14:16:25Z	doi	10.7554/eLife.16777
dewiki.tsv:956053	Sirolimus	160145507	2016-11-28T03:34:43Z	doi	10.7554/eLife.16351
dewiki.tsv:748673	Werkzeuggebrauch bei Tieren	169311869	2017-09-21T18:00:44Z	doi	10.7554/eLife.23647.001
dewiki.tsv:4094281	Influenza-A-Virus H1N1	155700796	2016-06-28T14:17:13Z	doi	10.7554/eLife.16777
dewiki.tsv:6928612	Equidae	171485163	2017-11-28T19:55:27Z	doi	10.7554/eLife.29944
dewiki.tsv:6789970	Wilhelm Boland	139164012	2015-02-24T12:02:17Z	doi	10.7554/eLife.01096
dewiki.tsv:22614	Cyanobakterien	153833749	2016-04-26T14:47:19Z	doi	10.7554/eLife.12620
dewiki.tsv:9383116	Gentechnisch veränderte Tiere	152582058	2016-03-17T08:54:49Z	doi	10.7554/eLife.09790
dewiki.tsv:8517307	Rising-Star-Höhle	145911653	2015-09-10T15:41:02Z	doi	10.7554/eLife.09561
dewiki.tsv:8517307	Rising-Star-Höhle	165361024	2017-05-09T18:01:38Z	doi	10.7554/eLife.24231
dewiki.tsv:8517307	Rising-Star-Höhle	145913737	2015-09-10T16:57:55Z	doi	10.7554/eLife.09560
dewiki.tsv:8517307	Rising-Star-Höhle	165361818	2017-05-09T18:28:34Z	doi	10.7554/eLife.24232
dewiki.tsv:7723943	Prevotellaceae	124223073	2013-11-07T10:08:13Z	doi	10.7554/eLife.01608
dewiki.tsv:8379993	Bewegungskontrolle	165702110	2017-05-21T15:41:43Z	doi	10.7554/eLive.13141
dewiki.tsv:10039468	Guillén Fernández	170539288	2017-11-01T12:26:06Z	doi	10.7554/eLife.09668
dewiki.tsv:7931220	Johannes Krause	123673434	2013-10-21T17:30:34Z	doi	10.7554/elife.00731
dewiki.tsv:4916835	Lee Berger	145913488	2015-09-10T16:47:47Z	doi	10.7554/eLife.09560
dewiki.tsv:8837031	Martin Jinek	142107733	2015-05-15T20:19:29Z	doi	10.7554/eLife.00471
dewiki.tsv:8973279	Homo naledi	145911617	2015-09-10T15:40:14Z	doi	10.7554/eLife.09561
dewiki.tsv:8973279	Homo naledi	165362962	2017-05-09T19:10:07Z	doi	10.7554/eLife.26775
dewiki.tsv:8973279	Homo naledi	165362093	2017-05-09T18:39:27Z	doi	10.7554/eLife.24232
dewiki.tsv:8973279	Homo naledi	145912754	2015-09-10T16:16:33Z	doi	10.7554/eLife.10627
dewiki.tsv:8973279	Homo naledi	165361465	2017-05-09T18:15:26Z	doi	10.7554/eLife.24231
dewiki.tsv:8973279	Homo naledi	145903334	2015-09-10T11:37:12Z	doi	10.7554/eLife.09560
dewiki.tsv:8973279	Homo naledi	165362962	2017-05-09T19:10:07Z	doi	10.7554/eLife.24234
dewiki.tsv:10078618	Manfred Gahr (Biologe)	173063161	2018-01-18T12:30:45Z	doi	10.7554/eLife.07770
dewiki.tsv:8111451	Liste von Subtypen des Influenza-A-Virus	155700820	2016-06-28T14:17:55Z	doi	10.7554/eLife.16777
dewiki.tsv:10174763	Haringtonhippus	172552006	2018-01-03T18:03:43Z	doi	10.7554/eLife.29944
dewiki.tsv:10203876	Clathrin-vermittelte Endozytose	173292993	2018-01-24T21:46:58Z	doi	10.7554/eLife.03970
dewiki.tsv:9300793	Endozytose	158224301	2016-09-26T05:55:27Z	doi	10.7554/eLife.03970
dewiki.tsv:9358803	Gene Drive	151980191	2016-02-27T21:23:46Z	doi	10.7554/eLife.03401
elwiki.tsv:457256	Ιός Ζίκα	5665427	2016-02-02T15:55:30Z	doi	10.7554/eLife.08347
enwiki.tsv:2375794	Spiny mouse	786945003	2017-06-22T14:26:43Z	doi	10.7554/eLife.24623
enwiki.tsv:3730562	Cell cycle checkpoint	637600775	2014-12-11T09:16:42Z	doi	10.7554/eLife.03475
enwiki.tsv:2565082	Intrinsically photosensitive retinal ganglion cells	775450788	2017-04-14T23:25:14Z	doi	10.7554/eLife.15392
enwiki.tsv:2341134	Robert Ardrey	680859482	2015-09-13T17:08:33Z	doi	10.7554/eLife.09560
enwiki.tsv:2708147	Slow-wave sleep	823593264	2018-02-02T05:17:07Z	doi	10.7554/eLife.29055
enwiki.tsv:3037408	List of organisms by chromosome count	788149281	2017-06-29T19:28:21Z	doi	10.7554/eLife.20062
enwiki.tsv:4185466	Parrondo's paradox	782511568	2017-05-27T10:58:14Z	doi	10.7554/eLife.21673
enwiki.tsv:3474896	Magnesium transporter	708064760	2016-03-03T11:52:26Z	doi	10.7554/eLife.11407
enwiki.tsv:4189740	Plant defense against herbivory	553922295	2013-05-07T09:04:47Z	doi	10.7554/eLife.00007
enwiki.tsv:2400044	Cabbage looper	823441077	2018-02-01T07:34:11Z	doi	10.7554/eLife.31628
enwiki.tsv:3570572	CLIP	676615278	2015-08-18T03:13:04Z	doi	10.7554/eLife.05005
enwiki.tsv:5105731	Mechanism of action	770888506	2017-03-18T06:26:28Z	doi	10.7554/eLife.00747
enwiki.tsv:6190526	Toluca Valley	661420779	2015-05-08T15:01:49Z	doi	10.7554/eLife.00731
enwiki.tsv:3272096	Bert Vogelstein	639568039	2014-12-25T09:22:59Z	doi	10.7554/eLife.00747
enwiki.tsv:4501641	Stress granule	795543121	2017-08-14T22:23:38Z	doi	10.7554/eLife.18413
enwiki.tsv:5740540	Beta-Hydroxybutyric acid	741355578	2016-09-27T00:09:40Z	doi	10.7554/eLife.15092
enwiki.tsv:5684961	Mothers against decapentaplegic homolog 6	767953249	2017-02-28T22:28:04Z	doi	10.7554/eLife.20125
enwiki.tsv:5884194	Vesicular transport adaptor protein	776392776	2017-04-20T18:45:07Z	doi	10.7554/eLife.00951
enwiki.tsv:5884194	Vesicular transport adaptor protein	775961607	2017-04-18T03:29:47Z	doi	10.7554/eLife.02866
enwiki.tsv:6082997	Filling-in	781213722	2017-05-19T20:22:27Z	doi	10.7554/eLife.21761
enwiki.tsv:6856516	Tent-making bat	801974716	2017-09-23T04:25:36Z	doi	10.7554/eLife.26686
enwiki.tsv:6959376	Calcium-activated potassium channel	656690356	2015-04-16T01:21:55Z	doi	10.7554/eLife.00184
enwiki.tsv:5499945	Cholera toxin	737010429	2016-08-31T06:30:19Z	doi	10.7554/eLife.09545
enwiki.tsv:8929485	Raúl Rabadán	753164950	2016-12-05T15:45:33Z	doi	10.7554/eLife.02869
enwiki.tsv:7012714	Cav1.2	799362960	2017-09-07T07:11:32Z	doi	10.7554/eLife.05608
enwiki.tsv:11241418	Orphan gene	634930813	2014-11-22T06:41:42Z	doi	10.7554/eLife.01311
enwiki.tsv:8520848	RAD51	721958957	2016-05-25T02:54:25Z	doi	10.7554/eLife.02445
enwiki.tsv:9547252	Botryllus schlosseri	563797635	2013-07-11T11:06:07Z	doi	10.7554/eLife.00569
enwiki.tsv:10760991	Protein kinase C zeta type	720806452	2016-05-18T01:48:54Z	doi	10.7554/eLife.14846
enwiki.tsv:10760991	Protein kinase C zeta type	720806452	2016-05-18T01:48:54Z	doi	10.7554/eLife.16597
enwiki.tsv:7571937	Todd's paresis	763343179	2017-02-02T18:18:13Z	doi	10.7554/eLife.19352
enwiki.tsv:11288671	Lee Rogers Berger	680649339	2015-09-12T08:13:39Z	doi	10.7554/eLife.09560
enwiki.tsv:11402986	Deoxycytidine kinase	751036912	2016-11-22T23:58:18Z	doi	10.7554/eLife.00747
enwiki.tsv:12035605	NIPBL	821041115	2018-01-18T02:24:17Z	doi	10.7554/eLife.30000
enwiki.tsv:11008314	Evolutionary history of plants	575270232	2013-10-01T10:29:42Z	doi	10.7554/eLife.00961
enwiki.tsv:5092142	Laboratory of Molecular Biology	694691894	2015-12-10T22:22:41Z	doi	10.7554/eLife.00856
enwiki.tsv:14162129	PURA	786394797	2017-06-19T05:51:13Z	doi	10.7554/eLife.11297
enwiki.tsv:9575671	KDM1A	722363740	2016-05-27T16:30:33Z	doi	10.7554/eLife.08851
enwiki.tsv:14168103	MAP4	659726371	2015-04-28T18:38:51Z	doi	10.7554/eLife.05697
enwiki.tsv:14297503	Serum amyloid A1	706605286	2016-02-24T06:54:52Z	doi	10.7554/eLife.03206
enwiki.tsv:9593808	CTP synthetase	644864082	2015-01-30T16:38:54Z	doi	10.7554/eLife.03638
enwiki.tsv:14717436	Binding immunoglobulin protein	711292092	2016-03-22T00:36:06Z	doi	10.7554/eLife.03496
enwiki.tsv:13741292	Diplogasterida	650761863	2015-03-10T14:26:21Z	doi	10.7554/eLife.05463
enwiki.tsv:12994388	Bouldnor Cliff	689163107	2015-11-05T09:28:12Z	doi	10.7554/eLife.10005
enwiki.tsv:9962100	Mediator (coactivator)	765195344	2017-02-13T02:45:40Z	doi	10.7554/eLife.08719
enwiki.tsv:14880683	SYCP3	810584091	2017-11-16T04:59:09Z	doi	10.7554/eLife.02963
enwiki.tsv:14881451	SLC10A1	678197445	2015-08-27T23:17:31Z	doi	10.7554/eLife.00049
enwiki.tsv:14075966	PRKCE	697978141	2016-01-03T05:38:57Z	doi	10.7554/eLife.00772
enwiki.tsv:14626122	Lactate dehydrogenase	666645738	2015-06-12T16:54:32Z	doi	10.7554/eLife.03640
enwiki.tsv:14633734	Eukaryotic translation elongation factor 1 alpha 1	681265797	2015-09-16T05:35:37Z	doi	10.7554/eLife.03164
enwiki.tsv:15308316	List of RNA structure prediction software	676613947	2015-08-18T02:57:47Z	doi	10.7554/eLife.05005
enwiki.tsv:13534563	Nematophagous fungus	803148878	2017-09-30T19:20:51Z	doi	10.7554/eLife.20023
enwiki.tsv:14755929	Forkhead box L2	775191883	2017-04-13T08:08:43Z	doi	10.7554/eLife.04207
enwiki.tsv:14769870	NAPA (gene)	702277887	2016-01-29T15:57:39Z	doi	10.7554/eLife.00802
enwiki.tsv:15219150	TRIM33	678198550	2015-08-27T23:26:01Z	doi	10.7554/eLife.06377
enwiki.tsv:16770101	Long non-coding RNA	803365366	2017-10-02T02:13:36Z	doi	10.7554/eLife.08890
enwiki.tsv:15993141	Flaveria	746016329	2016-10-24T19:43:29Z	doi	10.7554/elife.02478
enwiki.tsv:16413778	Ageing	738495643	2016-09-09T08:28:56Z	doi	10.7554/eLife.08527
enwiki.tsv:15346583	LHX1	775524524	2017-04-15T12:57:24Z	doi	10.7554/eLife.03357
enwiki.tsv:15228106	YME1L1	740855286	2016-09-23T18:58:48Z	doi	10.7554/eLife.16078
enwiki.tsv:15065759	KMT2D	779721242	2017-05-10T16:06:30Z	doi	10.7554/eLife.01503
enwiki.tsv:14797606	Mitochondrial antiviral-signaling protein	680231736	2015-09-09T15:10:53Z	doi	10.7554/eLife.00785
enwiki.tsv:15069650	LARP1	818041762	2018-01-01T04:44:07Z	doi	10.7554/elife.24146
enwiki.tsv:15069650	LARP1	818041762	2018-01-01T04:44:07Z	doi	10.7554/elife.25237
enwiki.tsv:14799275	NFE2L1	707076448	2016-02-26T20:51:58Z	doi	10.7554/eLife.01856
enwiki.tsv:17037459	Hippocampus anatomy	702440537	2016-01-30T16:33:49Z	doi	10.7554/eLife.09960
enwiki.tsv:14817492	SLC7A11	818602097	2018-01-04T14:23:56Z	doi	10.7554/eLife.02523
enwiki.tsv:14958673	Optogenetics	708211792	2016-03-04T08:25:01Z	doi	10.7554/eLife.10482
enwiki.tsv:14819588	EIF2A	818378939	2018-01-03T05:42:54Z	doi	10.7554/elife.21198
enwiki.tsv:14821485	Early human migrations	822604030	2018-01-27T11:04:34Z	doi	10.7554/eLife.24231
enwiki.tsv:15376175	Ecdysone receptor	817984327	2017-12-31T20:06:51Z	doi	10.7554/eLife.26287
enwiki.tsv:14700825	Valosin-containing protein	693146903	2015-11-30T18:54:39Z	doi	10.7554/eLife.00308
enwiki.tsv:14428754	FZD3	623303449	2014-08-29T12:29:58Z	doi	10.7554/eLife.01482
enwiki.tsv:17998857	E. coli long-term evolution experiment	721645609	2016-05-23T05:58:01Z	doi	10.7554/eLife.05826
enwiki.tsv:17998857	E. coli long-term evolution experiment	730919784	2016-07-21T18:40:15Z	doi	10.7554/eLife.09696
enwiki.tsv:14709342	Cation channel superfamily	725480439	2016-06-15T22:34:14Z	doi	10.7554/eLife.00184
enwiki.tsv:17690502	Robert B. Darnell	799862704	2017-09-10T07:55:54Z	doi	10.7554/eLife.02734
enwiki.tsv:15925628	Hepatitis B	603851038	2014-04-12T08:34:33Z	doi	10.7554/eLife.00049
enwiki.tsv:16847514	MAPK15	664625889	2015-05-29T22:34:16Z	doi	10.7554/eLife.01828
enwiki.tsv:16848829	TMEM98	676616407	2015-08-18T03:26:54Z	doi	10.7554/eLife.05005
enwiki.tsv:16859908	B3GNT1	800302697	2017-09-12T17:52:35Z	doi	10.7554/eLife.03943
enwiki.tsv:18066455	Enzalutamide	753636570	2016-12-08T10:13:06Z	doi	10.7554/eLife.00499
enwiki.tsv:17592698	Streptomyces venezuelae	760113319	2017-01-15T01:27:58Z	doi	10.7554/eLife.21738
enwiki.tsv:18838	Mammal	780887209	2017-05-17T19:30:49Z	doi	10.7554/eLife.19130
enwiki.tsv:19643233	List of examples of convergent evolution	575294334	2013-10-01T14:28:52Z	doi	10.7554/eLife.00961
enwiki.tsv:21244265	Olfaction	700512221	2016-01-18T23:13:52Z	doi	10.7554/eLife.07865
enwiki.tsv:21273332	Haringtonhippus	812631908	2017-11-28T23:48:41Z	doi	10.7554/eLife.29944
enwiki.tsv:21392957	Phototaxis	695849053	2015-12-19T02:27:22Z	doi	10.7554/eLife.02730
enwiki.tsv:20645935	Prevotella	580803653	2013-11-08T20:45:36Z	doi	10.7554/eLife.01202
enwiki.tsv:10116	Endocytosis	661184724	2015-05-07T01:03:05Z	doi	10.7554/eLife.03970
enwiki.tsv:23217153	Chromera velia	713554504	2016-04-04T18:43:35Z	doi	10.7554/eLife.06974
enwiki.tsv:24544	Photosynthesis	575269669	2013-10-01T10:22:48Z	doi	10.7554/eLife.00961
enwiki.tsv:10326	Human evolution	681642482	2015-09-18T14:32:23Z	doi	10.7554/eLife.09560
enwiki.tsv:12385	Genetic code	781158017	2017-05-19T13:04:25Z	doi	10.7554/eLife.03640
enwiki.tsv:24277379	Transcriptional bursting	732113433	2016-07-29T18:44:57Z	doi	10.7554/eLife.08494
enwiki.tsv:24277379	Transcriptional bursting	732113433	2016-07-29T18:44:57Z	doi	10.7554/eLife.13051
enwiki.tsv:21942008	Cell polarity	811131218	2017-11-19T18:42:52Z	doi	10.7554/eLife.26722
enwiki.tsv:21942008	Cell polarity	811131218	2017-11-19T18:42:52Z	doi	10.7554/eLife.09638
enwiki.tsv:25058426	Expression quantitative trait loci	825204361	2018-02-12T01:49:58Z	doi	10.7554/eLife.04729
enwiki.tsv:12584	Golgi apparatus	787702009	2017-06-27T00:58:23Z	doi	10.7554/eLife.13232
enwiki.tsv:24467949	Translational regulation	666757279	2015-06-13T13:02:44Z	doi	10.7554/eLife.03640
enwiki.tsv:25113511	Nicotiana attenuata	759691873	2017-01-12T17:24:40Z	doi	10.7554/eLife.19531
enwiki.tsv:24831215	Zika virus	701448924	2016-01-24T17:31:17Z	doi	10.7554/eLife.08347
enwiki.tsv:19588	Mitochondrion	706120457	2016-02-21T15:55:22Z	doi	10.7554/eLife.07464
enwiki.tsv:24872938	Sortase	643265761	2015-01-19T21:37:03Z	doi	10.7554/eLife.01279
enwiki.tsv:23048	Prion	814183442	2017-12-07T09:31:24Z	doi	10.7554/eLife.01489
enwiki.tsv:28639	Stop codon	669466844	2015-07-01T11:17:54Z	doi	10.7554/eLife.03640
enwiki.tsv:25829369	List of neuroscience databases	733898206	2016-08-10T20:30:42Z	doi	10.7554/eLife.09960
enwiki.tsv:19702	Mutation	734131827	2016-08-12T10:21:03Z	doi	10.7554/elife.02001
enwiki.tsv:29395245	Daf-16	812405467	2017-11-27T18:08:53Z	doi	10.7554/eLife.00518
enwiki.tsv:28990145	Proteostasis	777786983	2017-04-29T07:25:09Z	doi	10.7554/elife.15550
enwiki.tsv:29648821	PAR-CLIP	676614292	2015-08-18T03:01:46Z	doi	10.7554/eLife.05005
enwiki.tsv:29446363	Mir-137	676614758	2015-08-18T03:06:56Z	doi	10.7554/eLife.05005
enwiki.tsv:9279	Elephant	795161466	2017-08-12T12:27:14Z	doi	10.7554/eLife.25413
enwiki.tsv:26983245	Xiaowei Zhuang	682301717	2015-09-22T21:01:21Z	doi	10.7554/eLife.04581
enwiki.tsv:31861650	Parhyale hawaiensis	787995234	2017-06-28T21:07:28Z	doi	10.7554/eLife.20062
enwiki.tsv:29478930	MicroRNA and microRNA target database	676614610	2015-08-18T03:05:23Z	doi	10.7554/eLife.05005
enwiki.tsv:32041135	Rhomboid protease	753856909	2016-12-09T16:13:07Z	doi	10.7554/eLife.00173
enwiki.tsv:32257728	Ricardo Rosselló	714356465	2016-04-09T07:05:48Z	doi	10.7554/eLife.00036
enwiki.tsv:35713622	N6-Methyladenosine	757994458	2017-01-02T22:14:00Z	doi	10.7554/eLife.15528
enwiki.tsv:33325298	Richard H. Ebright	606710544	2014-05-02T01:20:21Z	doi	10.7554/eLife.02450
enwiki.tsv:33325298	Richard H. Ebright	609894801	2014-05-24T03:09:07Z	doi	10.7554/eLife.02451
enwiki.tsv:33325298	Richard H. Ebright	815429749	2017-12-14T20:06:06Z	doi	10.7554/eLife.32038
enwiki.tsv:35917093	List of sequenced animal genomes	784156211	2017-06-06T19:51:33Z	doi	10.7554/eLife.20062
enwiki.tsv:30809251	Ruxolitinib	698384735	2016-01-05T19:58:13Z	doi	10.7554/eLife.12997
enwiki.tsv:36516951	David Bartel	676612903	2015-08-18T02:46:55Z	doi	10.7554/eLife.05005
enwiki.tsv:33158412	Scholarly peer review	787992671	2017-06-28T20:47:14Z	doi	10.7554/elife.12708
enwiki.tsv:33158412	Scholarly peer review	787992671	2017-06-28T20:47:14Z	doi	10.7554/eLife.12708
enwiki.tsv:34463932	Peto's paradox	764747706	2017-02-10T18:22:41Z	doi	10.7554/eLife.11994
enwiki.tsv:34901747	Wilhelm Boland	648618797	2015-02-24T12:11:52Z	doi	10.7554/eLife.01096
enwiki.tsv:30855468	Retinoblastoma protein	815295091	2017-12-14T00:21:29Z	doi	10.7554/eLife.02872
enwiki.tsv:34725780	Platynereis dumerilii	732225255	2016-07-30T13:34:06Z	doi	10.7554/eLife.02730
enwiki.tsv:31986580	HITS-CLIP	676614513	2015-08-18T03:04:12Z	doi	10.7554/eLife.05005
enwiki.tsv:34932939	MicroRNA sequencing	676616017	2015-08-18T03:21:59Z	doi	10.7554/eLife.05005
enwiki.tsv:31695000	Equus conversidens	812822086	2017-11-30T02:07:44Z	doi	10.7554/eLife.29944
enwiki.tsv:38570862	Cas9	620932657	2014-08-12T16:12:41Z	doi	10.7554/eLife.03401
enwiki.tsv:39867144	Ancestral sequence reconstruction	754173997	2016-12-11T07:00:12Z	doi	10.7554/eLife.10147
enwiki.tsv:38167400	Ian L. Boyd	827752818	2018-02-26T14:52:01Z	doi	10.7554/eLife.01061
enwiki.tsv:34760961	Neurobiological effects of physical exercise	797246246	2017-08-25T20:35:32Z	doi	10.7554/eLife.25062
enwiki.tsv:41251446	Rising Star Cave	804849157	2017-10-11T14:26:44Z	doi	10.7554/eLife.24231
enwiki.tsv:41251446	Rising Star Cave	680371915	2015-09-10T13:23:13Z	doi	10.7554/eLife.09560
enwiki.tsv:41251446	Rising Star Cave	680374640	2015-09-10T13:48:14Z	doi	10.7554/eLife.09561
enwiki.tsv:39280133	SNED1	753178048	2016-12-05T17:24:25Z	doi	10.7554/eLife.01308
enwiki.tsv:38211105	Galactonolactone dehydrogenase	791831020	2017-07-22T19:15:12Z	doi	10.7554/eLife.06369
enwiki.tsv:39681824	ISRIB	739248788	2016-09-13T16:22:22Z	doi	10.7554/eLife.05033
enwiki.tsv:39681824	ISRIB	559995735	2013-06-15T09:14:48Z	doi	10.7554/eLife.00498
enwiki.tsv:42243737	Min System	726024372	2016-06-19T14:00:43Z	doi	10.7554/eLife.03949
enwiki.tsv:43647737	Alexander F. Schier	795215157	2017-08-12T19:47:08Z	doi	10.7554/eLife.05042
enwiki.tsv:39093077	Samer Hattar	720541911	2016-05-16T14:34:15Z	doi	10.7554/elife.04979
enwiki.tsv:42017288	2014 in arthropod paleontology	614375828	2014-06-25T15:19:52Z	doi	10.7554/eLife.02844
enwiki.tsv:41328412	TargetScan	676613520	2015-08-18T02:53:35Z	doi	10.7554/eLife.05005
enwiki.tsv:46697210	Epigenetics of human development	662194443	2015-05-13T19:17:40Z	doi	10.7554/eLife.00005
enwiki.tsv:44155042	Gaiti Hasan	730028480	2016-07-16T07:22:52Z	doi	10.7554/eLife.07046
enwiki.tsv:46952181	African Genesis	689521026	2015-11-07T18:48:50Z	doi	10.7554/eLife.09560
enwiki.tsv:46724758	Michael Hausser	678250587	2015-08-28T06:46:19Z	doi	10.7554/eLife.05808
enwiki.tsv:43248490	Andrea Musacchio	633108161	2014-11-09T16:53:42Z	doi	10.7554/elife.02978
enwiki.tsv:41883177	List of biophysically important macromolecular crystal structures	621357226	2014-08-15T14:29:51Z	doi	10.7554/elife.01345
enwiki.tsv:40773905	Margaret Robinson	723074867	2016-05-31T21:03:35Z	doi	10.7554/eLife.02866
enwiki.tsv:46759370	MUL1	695817300	2015-12-18T20:41:56Z	doi	10.7554/elife.01958
enwiki.tsv:41911290	Niche (protein structural motif)	783388056	2017-06-01T23:45:13Z	doi	10.7554/eLife.23961
enwiki.tsv:39548793	PIEZO1	797277294	2017-08-26T01:14:16Z	doi	10.7554/eLife.07369
enwiki.tsv:47940107	Robert A. Martienssen	732287005	2016-07-30T22:22:12Z	doi	10.7554/eLife.15716
enwiki.tsv:44250288	2015 in arthropod paleontology	654362607	2015-03-31T16:49:46Z	doi	10.7554/eLife.05447
enwiki.tsv:48875879	Senotherapeutics	698385870	2016-01-05T20:05:56Z	doi	10.7554/eLife.12997
enwiki.tsv:44984325	Replication crisis	739354503	2016-09-14T05:50:41Z	doi	10.7554/eLife.10825
enwiki.tsv:43757451	Diplogasteridae	650626122	2015-03-09T16:26:18Z	doi	10.7554/eLife.05463
enwiki.tsv:47024578	SBGrid Consortium	727538621	2016-06-29T17:06:32Z	doi	10.7554/eLife.01456
enwiki.tsv:45001808	Hugo J. Bellen	732506291	2016-08-01T12:18:33Z	doi	10.7554/eLife.03558
enwiki.tsv:45001808	Hugo J. Bellen	732498195	2016-08-01T10:58:08Z	doi	10.7554/elife.05338
enwiki.tsv:45001808	Hugo J. Bellen	732498195	2016-08-01T10:58:08Z	doi	10.7554/elife.08469
enwiki.tsv:46789346	Frank Uhlmann	679071775	2015-09-02T08:31:03Z	doi	10.7554/eLife.05565
enwiki.tsv:43335980	Gene drive	617472535	2014-07-18T16:38:01Z	doi	10.7554/eLife.03401
enwiki.tsv:47774240	Homo naledi	779584364	2017-05-09T19:40:54Z	doi	10.7554/eLife.24232
enwiki.tsv:47774240	Homo naledi	779578751	2017-05-09T19:01:30Z	doi	10.7554/eLife.24231
enwiki.tsv:47774240	Homo naledi	780461090	2017-05-15T07:47:45Z	doi	10.7554/eLife.24234
enwiki.tsv:47774240	Homo naledi	680353191	2015-09-10T10:03:34Z	doi	10.7554/eLife.09560
enwiki.tsv:47774240	Homo naledi	680374422	2015-09-10T13:46:08Z	doi	10.7554/eLife.09561
enwiki.tsv:47774240	Homo naledi	680542954	2015-09-11T14:47:55Z	doi	10.7554/eLife.10627
enwiki.tsv:50890026	Direct coupling analysis	737938750	2016-09-05T23:52:13Z	doi	10.7554/eLife.02030
enwiki.tsv:47053052	Raymond E. Goldstein	679071972	2015-09-02T08:33:14Z	doi	10.7554/eLife.02750
enwiki.tsv:47784311	Dawn of Humanity	680678356	2015-09-12T13:27:35Z	doi	10.7554/eLife.09560
enwiki.tsv:51508759	Brilanestrant	737659983	2016-09-04T07:53:23Z	doi	10.7554/eLife.15828
enwiki.tsv:42149365	Multiple Epidermal Growth Factor-like Domains 8	607577669	2014-05-08T03:43:09Z	doi	10.7554/eLife.01160
enwiki.tsv:45650851	Quaranjavirus	699010613	2016-01-09T18:06:08Z	doi	10.7554/elife.05378
enwiki.tsv:42160885	TM6SF2	676615147	2015-08-18T03:11:33Z	doi	10.7554/eLife.05005
enwiki.tsv:45660609	Melainabacteria	730420282	2016-07-18T22:41:51Z	doi	10.7554/eLife.01102
enwiki.tsv:41468418	Evolution of photosynthesis	587815472	2013-12-26T22:50:42Z	doi	10.7554/eLife.00961
enwiki.tsv:48077208	Sci-Hub	827440513	2018-02-24T19:12:37Z	doi	10.7554/eLife.32822
enwiki.tsv:50325165	Parafacial zone	821722162	2018-01-22T06:28:04Z	doi	10.7554/eLife.29055
enwiki.tsv:51287911	Pneumoviridae	754908793	2016-12-15T04:42:01Z	doi	10.7554/eLife.02674
enwiki.tsv:51287911	Pneumoviridae	754908793	2016-12-15T04:42:01Z	doi	10.7554/eLife.12627
enwiki.tsv:46382490	BET inhibitor	755339566	2016-12-17T12:25:32Z	doi	10.7554/elife.04640
enwiki.tsv:49989377	Computational Biology Department	712568751	2016-03-29T21:24:02Z	doi	10.7554/eLife.10047
enwiki.tsv:43587266	Micoletzkya	646976611	2015-02-13T17:20:26Z	doi	10.7554/eLife.05463
enwiki.tsv:49995732	Neocentromere	734118336	2016-08-12T07:56:10Z	doi	10.7554/elife.02025
enwiki.tsv:51299711	Elen Feuerriegel	797817708	2017-08-29T10:11:27Z	doi	10.7554/eLife.24232
enwiki.tsv:51299711	Elen Feuerriegel	797817708	2017-08-29T10:11:27Z	doi	10.7554/eLife.09560
enwiki.tsv:53727010	PiggyBac Transposable Element Derived 5	774586081	2017-04-09T12:57:52Z	doi	10.7554/eLife.10565
enwiki.tsv:54926582	Angus Silver	795851871	2017-08-16T21:43:53Z	doi	10.7554/eLife.15133
enwiki.tsv:53375344	Plant arithmetic	768465659	2017-03-03T23:36:35Z	doi	10.7554/eLife.00669
enwiki.tsv:53735096	Naoshige Uchida	790524237	2017-07-14T08:41:41Z	doi	10.7554/eLife.06346
enwiki.tsv:50981211	Epistasis	728503010	2016-07-05T20:59:00Z	doi	10.7554/eLife.00631
enwiki.tsv:54962363	Ginés Morata	796845652	2017-08-23T11:38:10Z	doi	10.7554/eLife.01388
enwiki.tsv:54962363	Ginés Morata	796845652	2017-08-23T11:38:10Z	doi	10.7554/eLife.01831
enwiki.tsv:48768217	2015–16 Zika virus epidemic	702437399	2016-01-30T16:13:44Z	doi	10.7554/eLife.08347
enwiki.tsv:55844896	Chromosphaera perkinsii	811272313	2017-11-20T15:57:17Z	doi	10.7554/eLife.26036
enwiki.tsv:55856763	Rhiju Das (biochemist)	811498883	2017-11-22T01:01:03Z	doi	10.7554/eLife.07600
enwiki.tsv:43792556	2015 in paleontology	680397499	2015-09-10T16:46:41Z	doi	10.7554/eLife.09560
enwiki.tsv:43792556	2015 in paleontology	779586533	2017-05-09T19:56:43Z	doi	10.7554/eLife.24231
enwiki.tsv:53782903	Pseudokinase	788970263	2017-07-04T15:13:11Z	doi	10.7554/eLife.06120
enwiki.tsv:53782903	Pseudokinase	788968179	2017-07-04T14:58:46Z	doi	10.7554/eLife.23990
enwiki.tsv:55878234	Benita Katzenellenbogen	816055034	2017-12-18T23:31:38Z	doi	10.7554/eLife.12792
enwiki.tsv:55510276	Mary B. Kennedy	812219684	2017-11-26T18:21:38Z	doi	10.7554/eLife.16813
enwiki.tsv:55045960	Yoda1	797453730	2017-08-27T04:23:10Z	doi	10.7554/eLife.07370
enwiki.tsv:55045960	Yoda1	797453110	2017-08-27T04:15:19Z	doi	10.7554/eLife.07369
enwiki.tsv:52693565	2017 in science	783148385	2017-05-31T12:10:37Z	doi	10.7554/eLife.24231
enwiki.tsv:48456770	2016 in arthropod paleontology	704279525	2016-02-10T17:26:12Z	doi	10.7554/eLife.12129
enwiki.tsv:48786390	Hugh Pelham	694690970	2015-12-10T22:14:33Z	doi	10.7554/eLife.00856
enwiki.tsv:51758582	Cell division orientation	741328622	2016-09-26T20:14:52Z	doi	10.7554/eLife.08519
enwiki.tsv:52042741	Raghavan Varadarajan	745180570	2016-10-19T18:38:41Z	doi	10.7554/eLife.09532
enwiki.tsv:55574265	Ichthyophonus hoferi	806075283	2017-10-19T14:39:56Z	doi	10.7554/eLife.26036
enwiki.tsv:54151525	Muniscins	782414030	2017-05-26T19:05:42Z	doi	10.7554/eLife.02866
enwiki.tsv:54151525	Muniscins	782414030	2017-05-26T19:05:42Z	doi	10.7554/eLife.04137
enwiki.tsv:37138	Arabidopsis thaliana	776433628	2017-04-21T00:00:43Z	doi	10.7554/eLife.06100
enwiki.tsv:37138	Arabidopsis thaliana	768467708	2017-03-03T23:54:41Z	doi	10.7554/eLife.00669
enwiki.tsv:53515724	History of research on Arabidopsis thaliana	809585696	2017-11-10T02:19:34Z	doi	10.7554/eLife.06100
enwiki.tsv:56034644	Marina Elliott	815630306	2017-12-16T01:14:17Z	doi	10.7554/eLife.24234
enwiki.tsv:55641318	Microlissencephaly	809162609	2017-11-07T14:11:30Z	doi	10.7554/eLife.03297
enwiki.tsv:48827290	CAF-1	744565493	2016-10-16T02:14:10Z	doi	10.7554/eLife.18023
enwiki.tsv:48827290	CAF-1	801290148	2017-09-18T20:29:58Z	doi	10.7554/elife.23474
enwiki.tsv:49767184	ArsB and ArsAB transporters	709904928	2016-03-13T20:31:34Z	doi	10.7554/eLife.04543
enwiki.tsv:55666929	NuGEN Technologies	808513143	2017-11-03T09:08:21Z	doi	10.7554/eLife.26575
enwiki.tsv:56124088	YTHDF2	816873351	2017-12-24T08:25:15Z	doi	10.7554/eLife.15528
enwiki.tsv:50774863	Science on the Verge	724654034	2016-06-10T16:38:50Z	doi	10.7554/eLife.10825)
enwiki.tsv:53947574	2017 in mammal paleontology	779547148	2017-05-09T15:19:33Z	doi	10.7554/eLife.24232
enwiki.tsv:53947574	2017 in mammal paleontology	784232830	2017-06-07T05:17:06Z	doi	10.7554/eLife.25413.001
enwiki.tsv:53947574	2017 in mammal paleontology	812740583	2017-11-29T16:10:36Z	doi	10.7554/eLife.29944
enwiki.tsv:53947574	2017 in mammal paleontology	779543626	2017-05-09T14:53:03Z	doi	10.7554/eLife.24231
enwiki.tsv:53947727	2016 in mammal paleontology	778916349	2017-05-05T23:32:16Z	doi	10.7554/eLife.19568
enwiki.tsv:53151252	Large tumor antigen	766670672	2017-02-21T13:39:28Z	doi	10.7554/eLife.18129
enwiki.tsv:56162817	CREB3L1	817623054	2017-12-29T15:19:06Z	doi	10.7554/eLife.00090
enwiki.tsv:53954652	Duncan Odom	778608367	2017-05-04T04:59:16Z	doi	10.7554/eLife.20235
enwiki.tsv:51162073	Microbiomes of the built environment	735417731	2016-08-20T15:49:43Z	doi	10.7554/eLife.04634
enwiki.tsv:72710	Conceptual metaphor	581165658	2013-11-11T10:35:13Z	doi	10.7554/eLife.00932
enwiki.tsv:50549990	Postdoctoral researcher unionization	720415455	2016-05-15T19:14:40Z	doi	10.7554/eLife.05614
enwiki.tsv:53261162	Creolimax	766687168	2017-02-21T15:40:51Z	doi	10.7554/eLife.08904
enwiki.tsv:53261475	Creolimax fragrantissima	810885889	2017-11-18T02:32:04Z	doi	10.7554/eLife.08904
enwiki.tsv:52873758	Polysome Profiling	764051747	2017-02-06T20:00:13Z	doi	10.7554/eLife.10921
enwiki.tsv:52166886	Upinder Singh Bhalla	747397028	2016-11-02T04:19:59Z	doi	10.7554/eLife.01982
enwiki.tsv:49131671	2016 in fish paleontology	716158531	2016-04-20T07:35:21Z	doi	10.7554/eLife.14698
enwiki.tsv:52206193	2017 in paleontology	791186440	2017-07-18T17:44:24Z	doi	10.7554/eLife.28589
enwiki.tsv:82804	Convergent evolution	575294041	2013-10-01T14:26:04Z	doi	10.7554/eLife.00961
enwiki.tsv:82804	Convergent evolution	815485969	2017-12-15T03:21:33Z	doi	10.7554/eLife.25884
enwiki.tsv:197112	Bumblebee	816766262	2017-12-23T14:44:06Z	doi	10.7554/eLife.31262
enwiki.tsv:178220	ATP synthase	786115471	2017-06-17T10:41:51Z	doi	10.7554/eLife.10180
enwiki.tsv:89796	Mitochondrial DNA	706122445	2016-02-21T16:11:42Z	doi	10.7554/eLife.07464
enwiki.tsv:172644	Handedness	770116975	2017-03-13T14:44:13Z	doi	10.7554/eLife.22784
enwiki.tsv:173204	Drosophila melanogaster	791406136	2017-07-20T02:04:44Z	doi	10.7554/eLife.06793
enwiki.tsv:43617	Shark	593049817	2014-01-30T01:51:52Z	doi	10.7554/eLife.00590
enwiki.tsv:211955	Natural killer cell	795023175	2017-08-11T14:29:52Z	doi	10.7554/elife.01659
enwiki.tsv:46675	Xylem	740077021	2016-09-18T22:55:02Z	doi	10.7554/eLife.15341
enwiki.tsv:165450	Phytophthora infestans	611834974	2014-06-06T15:41:07Z	doi	10.7554/eLife.00731
enwiki.tsv:165450	Phytophthora infestans	556303226	2013-05-22T18:14:46Z	doi	10.7554/elife.00731
enwiki.tsv:169493	Petal	810667925	2017-11-16T18:13:31Z	doi	10.7554/eLife.07641.001
enwiki.tsv:169493	Petal	810667925	2017-11-16T18:13:31Z	doi	10.7554/elife.07641.001
enwiki.tsv:146539	Senescence	703379093	2016-02-05T04:21:17Z	doi	10.7554/eLife.12997
enwiki.tsv:205624	Horizontal gene transfer	729666579	2016-07-13T19:25:26Z	doi	10.7554/eLife.02365
enwiki.tsv:214294	Hepatitis D	623563820	2014-08-31T11:19:18Z	doi	10.7554/eLife.00049
enwiki.tsv:156964	MicroRNA	676625686	2015-08-18T05:02:53Z	doi	10.7554/eLife.05005
enwiki.tsv:436414	Lectin	792738100	2017-07-28T10:22:52Z	doi	10.7554/eLife.22926
enwiki.tsv:320467	University of the Witwatersrand	721651515	2016-05-23T07:05:31Z	doi	10.7554/eLife.09560
enwiki.tsv:449429	Hepadnaviridae	673578570	2015-07-29T03:53:46Z	doi	10.7554/eLife.00049
enwiki.tsv:609812	Dynein	695099669	2015-12-13T19:50:17Z	doi	10.7554/eLife.03351
enwiki.tsv:639660	Olfactory receptor neuron	671489068	2015-07-15T01:18:51Z	doi	10.7554/eLife.08127
enwiki.tsv:639660	Olfactory receptor neuron	671489068	2015-07-15T01:18:51Z	doi	10.7554/eLife.07865
enwiki.tsv:488341	Homo	810482257	2017-11-15T14:55:55Z	doi	10.7554/eLife.24231
enwiki.tsv:488341	Homo	810482545	2017-11-15T14:58:16Z	doi	10.7554/eLife.24234
enwiki.tsv:366112	Chikungunya	676364503	2015-08-16T14:20:51Z	doi	10.7554/eLife.00435
enwiki.tsv:377245	Red imported fire ant	735200237	2016-08-19T05:45:45Z	doi	10.7554/eLife.12721
enwiki.tsv:670856	Abscisic acid	703879965	2016-02-08T05:26:00Z	doi	10.7554/eLife.01739
enwiki.tsv:670856	Abscisic acid	703879965	2016-02-08T05:26:00Z	doi	10.7554/eLife.01741
enwiki.tsv:315620	Brown adipose tissue	735314832	2016-08-19T22:22:25Z	doi	10.7554/eLife.00065
enwiki.tsv:505422	Ribonuclease H	768301534	2017-03-03T00:05:52Z	doi	10.7554/eLife.20533
enwiki.tsv:420624	Ecdysone	782426940	2017-05-26T20:46:54Z	doi	10.7554/eLife.26287
enwiki.tsv:378912	Potassium in biology	698321725	2016-01-05T11:03:43Z	doi	10.7554/eLife.00184
enwiki.tsv:553317	Nucleus accumbens	821399679	2018-01-20T06:45:08Z	doi	10.7554/eLife.29055
enwiki.tsv:492012	C4 carbon fixation	575269913	2013-10-01T10:25:59Z	doi	10.7554/eLife.00961
enwiki.tsv:507325	Alpha-synuclein	699365634	2016-01-11T22:03:28Z	doi	10.7554/eLife.00592
enwiki.tsv:325877	Phantom limb	713031992	2016-04-01T14:31:21Z	doi	10.7554/eLife.01273
enwiki.tsv:467899	Systems biology	754800692	2016-12-14T16:04:49Z	doi	10.7554/eLife.04640
enwiki.tsv:648759	Mustang	817881100	2017-12-31T03:18:26Z	doi	10.7554/eLife.29944
enwiki.tsv:1209057	Wnt signaling pathway	805892537	2017-10-18T08:55:20Z	doi	10.7554/elife.20882
enwiki.tsv:752817	Laetoli	764109901	2017-02-07T03:50:25Z	doi	10.7554/eLife.19568
enwiki.tsv:801776	Retinal ganglion cell	708725066	2016-03-07T06:25:28Z	doi	10.7554/eLife.02671
enwiki.tsv:1506351	Magnetoreception	681865266	2015-09-20T01:45:26Z	doi	10.7554/eLife.07493
enwiki.tsv:1568950	Randy Schekman	555800410	2013-05-19T15:28:01Z	doi	10.7554/eLife.00855
enwiki.tsv:1075046	Interactome	676091840	2015-08-14T16:47:44Z	doi	10.7554/eLife.03430
enwiki.tsv:1011474	Potassium channel	656700116	2015-04-16T02:57:21Z	doi	10.7554/eLife.00184
enwiki.tsv:1168582	Charles W. Woodworth	729860177	2016-07-15T02:09:45Z	doi	10.7554/eLife.06793
enwiki.tsv:1398039	Heteroplasmy	706122700	2016-02-21T16:13:37Z	doi	10.7554/eLife.07464
enwiki.tsv:740746	Adult neurogenesis	804516410	2017-10-09T14:54:08Z	doi	10.7554/eLife.13998
enwiki.tsv:1100216	Sphingolipid	758358481	2017-01-04T23:32:22Z	doi	10.7554/eLife.16043
enwiki.tsv:1100216	Sphingolipid	758358481	2017-01-04T23:32:22Z	doi	10.7554/eLife.20732
enwiki.tsv:1224360	Sulfasalazine	736132616	2016-08-25T11:29:10Z	doi	10.7554/eLife.02523
enwiki.tsv:1409767	High-intensity interval training	801010487	2017-09-17T03:32:30Z	doi	10.7554/eLife.25062
enwiki.tsv:1416251	African elephant	794934216	2017-08-10T23:05:46Z	doi	10.7554/eLife.25413
enwiki.tsv:1717267	Marc Meyer	758073960	2017-01-03T09:18:09Z	doi	10.7554/eLife.09560
enwiki.tsv:905957	Human height	731580591	2016-07-26T07:39:12Z	doi	10.7554/eLife.13410
enwiki.tsv:2161878	Protein–protein interaction	695831016	2015-12-18T22:55:35Z	doi	10.7554/eLife.05464
enwiki.tsv:1531615	Combination therapy	608947823	2014-05-17T11:26:23Z	doi	10.7554/eLife.00747
enwiki.tsv:1531615	Combination therapy	822672665	2018-01-27T20:47:41Z	doi	10.7554/elife.04640
enwiki.tsv:2131151	Ultradian rhythm	705305441	2016-02-16T18:57:07Z	doi	10.7554/eLife.05105
enwiki.tsv:1836020	Laser ablation	692739146	2015-11-27T23:46:51Z	doi	10.7554/eLife.02730
enwiki.tsv:2198661	Trypanosoma brucei	702289196	2016-01-29T17:25:51Z	doi	10.7554/eLife.11473
enwiki.tsv:1643827	Mitogen	782630559	2017-05-28T04:50:51Z	doi	10.7554/eLife.05871
enwiki.tsv:2235991	Cryogenic transmission electron microscopy	709779837	2016-03-13T01:24:47Z	doi	10.7554/eLife.06380
enwiki.tsv:2235991	Cryogenic transmission electron microscopy	701132732	2016-01-22T18:01:56Z	doi	10.7554/elife.03678
enwiki.tsv:2253282	Oligodendrocyte progenitor cell	678170441	2015-08-27T19:51:14Z	doi	10.7554/eLife.06953
eowiki.tsv:211747	Flaro	5923859	2016-04-15T07:51:49Z	doi	10.7554/eLife.07865
eowiki.tsv:534075	Homo naledi	5916995	2016-04-03T17:47:48Z	doi	10.7554/eLife.09560
eowiki.tsv:564695	Magnetosensivo	5978351	2016-08-02T06:52:51Z	doi	10.7554/eLife.07493
eswiki.tsv:4214212	Virus del Zika	88671141	2016-01-24T18:58:03Z	doi	10.7554/eLife.08347
eswiki.tsv:7775245	Crisis de replicación	105549384	2018-02-12T20:57:26Z	doi	10.7554/eLife.10825
eswiki.tsv:7436357	Genética dirigida	95033970	2016-11-16T11:17:01Z	doi	10.7554/eLife.03401
eswiki.tsv:7436481	Cas9	98693205	2017-04-28T00:27:18Z	doi	10.7554/eLife.03401
eswiki.tsv:6623683	Defensas vegetales contra la herbivoría	84639960	2015-08-24T18:18:52Z	doi	10.7554/eLife.00007
eswiki.tsv:6627107	CRISPR	82019976	2015-04-25T04:33:19Z	doi	10.7554/eLife.03401
eswiki.tsv:7019102	Homo naledi	85037009	2015-09-10T20:24:04Z	doi	10.7554/eLife.09560
eswiki.tsv:7019102	Homo naledi	85048660	2015-09-11T11:36:43Z	doi	10.7554/eLife.09561
eswiki.tsv:7021205	Cueva Rising Star	88361942	2016-01-11T01:30:59Z	doi	10.7554/eLife.09561
eswiki.tsv:7021205	Cueva Rising Star	88361942	2016-01-11T01:30:59Z	doi	10.7554/eLife.09560
eswiki.tsv:7558206	Interacción de gen no alélico	102005747	2017-09-19T16:40:23Z	doi	10.7554/eLife.00631
eswiki.tsv:7602969	Experimento a largo plazo de la evolución de E. Coli	99514010	2017-05-31T08:43:03Z	doi	10.7554/eLife.05826
eswiki.tsv:7602969	Experimento a largo plazo de la evolución de E. Coli	99514010	2017-05-31T08:43:03Z	doi	10.7554/eLife.09696
eswiki.tsv:12195	Escherichia coli	91446737	2016-06-02T13:38:40Z	doi	10.7554/eLife.05826
etwiki.tsv:1031	Rott	4313456	2015-11-22T09:34:35Z	doi	10.7554/eLife.01385
etwiki.tsv:119754	Malaaria	4181638	2015-04-28T15:37:16Z	doi	10.7554/eLife.03925
etwiki.tsv:417314	RNA polümeraas	4287465	2015-10-17T20:30:42Z	doi	10.7554/eLife.08504
etwiki.tsv:447788	Šaperonid	4504961	2016-10-25T20:37:56Z	doi	10.7554/eLife.03496
etwiki.tsv:448314	80S ribosoom	4509528	2016-10-31T21:21:05Z	doi	10.7554/elife.03678
euwiki.tsv:597443	Homo naledi	5412303	2016-03-16T14:40:19Z	doi	10.7554/eLife.09560
euwiki.tsv:740331	Gizakiaren Seaska	6092746	2018-01-04T10:00:06Z	doi	10.7554/eLife.09561
euwiki.tsv:740331	Gizakiaren Seaska	6092746	2018-01-04T10:00:06Z	doi	10.7554/eLife.09560
fawiki.tsv:2075966	رندی شکمن	11103047	2013-10-07T19:21:17Z	doi	10.7554/eLife.00855
fawiki.tsv:3457183	انسان نالدی	16041725	2015-10-07T06:39:06Z	doi	10.7554/eLife.09560
fiwiki.tsv:1417217	Kryoelektronimikroskopia	16895832	2017-11-13T13:54:15Z	doi	10.7554/eLife.03678
frwiki.tsv:572907	Gaucherie	134839547	2017-02-24T12:46:01Z	doi	10.7554/eLife.22784
frwiki.tsv:89009	Cyanobacteria	136104031	2017-04-04T14:23:27Z	doi	10.7554/eLife.01102
frwiki.tsv:195639	Stomatopoda	141294609	2017-10-07T08:18:27Z	doi	10.7554/eLife.29889
frwiki.tsv:56842	Homéotherme	140651160	2017-09-14T07:19:57Z	doi	10.7554/eLife.28589
frwiki.tsv:514464	Taille (anthropométrie)	135032256	2017-03-02T16:34:35Z	doi	10.7554/eLife.13410
frwiki.tsv:1580882	Homo	137198863	2017-05-09T20:18:30Z	doi	10.7554/eLife.24231
frwiki.tsv:437752	Paguroidea	141294846	2017-10-07T08:30:09Z	doi	10.7554/eLife.29889
frwiki.tsv:61291	Pollution lumineuse	133204465	2017-01-01T16:48:25Z	doi	10.7554/eLife.09991
frwiki.tsv:1800798	Histoire de l'agriculture	140108938	2017-08-27T16:04:59Z	doi	10.7554/elife.10005.001
frwiki.tsv:10939347	Éphrine	138475666	2017-06-26T08:31:08Z	doi	10.7554/eLife.16000
frwiki.tsv:3094789	Virus de l'hépatite B	120309410	2015-11-08T22:59:07Z	doi	10.7554/eLife.00049
frwiki.tsv:11451805	Substances volatiles des feuilles	144925301	2018-01-27T19:36:34Z	doi	10.7554/eLife.00421
frwiki.tsv:11461196	Creolimax fragrantissima	145051451	2018-01-31T15:25:32Z	doi	10.7554/eLife.08904
frwiki.tsv:11512416	Ichthyophonus hoferi	145751120	2018-02-22T21:10:27Z	doi	10.7554/eLife.26036
frwiki.tsv:10200749	Sensibilité des plantes	144834494	2018-01-25T02:12:38Z	doi	10.7554/eLife.00007
frwiki.tsv:10710547	Forçage génétique	135658862	2017-03-22T12:50:48Z	doi	10.7554/eLife.03401
frwiki.tsv:9404740	Homo naledi	118519287	2015-09-10T12:29:07Z	doi	10.7554/eLife.09560
frwiki.tsv:9404740	Homo naledi	137214602	2017-05-10T13:45:47Z	doi	10.7554/eLife.24232
frwiki.tsv:10429996	Xiaowei Zhuang	132143499	2016-11-25T18:26:37Z	doi	10.7554/eLife.04581
frwiki.tsv:7693977	Fixation du carbone en C4	100402721	2014-01-19T16:25:28Z	doi	10.7554/eLife.00961
frwiki.tsv:7222674	Défense des plantes contre les herbivores	94540632	2013-06-29T18:46:56Z	doi	10.7554/eLife.00007
frwiki.tsv:9171095	Grottes de Rising Star	118567923	2015-09-12T07:48:19Z	doi	10.7554/eLife.09561
frwiki.tsv:9171095	Grottes de Rising Star	137214478	2017-05-10T13:41:35Z	doi	10.7554/eLife.24232
frwiki.tsv:7526212	Liste de fossiles d'hominidés	137198579	2017-05-09T20:09:50Z	doi	10.7554/eLife.24231
frwiki.tsv:8117117	Maladie à virus Ebola	113969207	2015-04-18T09:51:14Z	doi	10.7554/eLife.04395
frwiki.tsv:9990219	Épidémiologie évolutive	125950746	2016-05-07T11:27:16Z	doi	10.7554/eLife.01914
frwiki.tsv:8618693	Cas9	110333027	2014-12-28T23:12:22Z	doi	10.7554/eLife.03401
frwiki.tsv:7343116	Guide de nectar	145687710	2018-02-20T17:41:16Z	doi	10.7554/eLife.31262.001
glwiki.tsv:330842	Virus de Zika	3967132	2016-06-30T11:07:54Z	doi	10.7554/eLife.08347
glwiki.tsv:348644	Fixación do carbono C4	4018641	2016-08-30T22:05:31Z	doi	10.7554/eLife.00961
glwiki.tsv:352313	Senescencia	4514649	2017-10-03T02:51:20Z	doi	10.7554/eLife.12997
hiwiki.tsv:536017	रैंडी शेकमैन	2220012	2013-10-08T20:51:18Z	doi	10.7554/eLife.00855
huwiki.tsv:1411600	Homo naledi	17919095	2016-09-08T19:53:10Z	doi	10.7554/eLife.09561
hywiki.tsv:771037	Կոնցեպտուալ փոխաբերություն	5163752	2017-06-08T18:04:49Z	doi	10.7554/eLife.00932
hywiki.tsv:854603	Ֆանտոմ վերջույթ	5590148	2018-01-12T08:13:06Z	doi	10.7554/eLife.01273
idwiki.tsv:1899835	Wabah virus Zika (2015–sekarang)	10887868	2016-02-07T09:46:59Z	doi	10.7554/eLife.08347
idwiki.tsv:2353562	Cas9	12715955	2017-03-26T22:49:36Z	doi	10.7554/eLife.03401
idwiki.tsv:2518219	Aritmetika tumbuhan	13513976	2018-01-09T09:10:22Z	doi	10.7554/eLife.00669
itwiki.tsv:1101638	Evoluzione umana	75167524	2015-09-14T14:05:54Z	doi	10.7554/eLife.09560
itwiki.tsv:2415032	Hominina	75474289	2015-10-01T18:01:08Z	doi	10.7554/eLife.09560
itwiki.tsv:2808829	Homo	75474495	2015-10-01T18:16:47Z	doi	10.7554/eLife.09560
itwiki.tsv:6561186	Microscopia crioelettronica	91771525	2017-10-04T17:00:01Z	doi	10.7554/eLife.03678
itwiki.tsv:6561186	Microscopia crioelettronica	91773545	2017-10-04T18:56:29Z	doi	10.7554/elife.06380
itwiki.tsv:3991922	Canale del potassio	88208377	2017-06-01T18:11:05Z	doi	10.7554/eLife.00184
jawiki.tsv:2862578	ランディ・シェクマン	49425090	2013-10-15T06:10:41Z	doi	10.7554/eLife.00855
jawiki.tsv:3543884	低温電子顕微鏡法	66509343	2017-12-04T02:34:05Z	doi	10.7554/elife.03678
jawiki.tsv:3543884	低温電子顕微鏡法	66509343	2017-12-04T02:34:05Z	doi	10.7554/eLife.06380
jawiki.tsv:3283834	ホモ・ナレディ	61376913	2016-10-02T15:31:41Z	doi	10.7554/eLife.09561
jawiki.tsv:3283834	ホモ・ナレディ	61376913	2016-10-02T15:31:41Z	doi	10.7554/eLife.10627
jawiki.tsv:3283834	ホモ・ナレディ	61376913	2016-10-02T15:31:41Z	doi	10.7554/eLife.09560
jawiki.tsv:3284752	人類の夜明け	61376843	2016-10-02T15:26:09Z	doi	10.7554/eLife.09560
jawiki.tsv:3721295	ソルターゼ	66754561	2017-12-26T15:54:50Z	doi	10.7554/eLife.01279
jawiki.tsv:3356812	ジカ熱	59025620	2016-03-20T10:23:46Z	doi	10.7554/eLife.08347
jawiki.tsv:3498731	再現性の危機	61437566	2016-10-07T15:49:15Z	doi	10.7554/eLife.10825
jawiki.tsv:3502767	遺伝子ドライブ	61548613	2016-10-16T04:21:07Z	doi	10.7554/eLife.03401
kawiki.tsv:342882	Homo naledi	3120737	2016-07-22T18:41:17Z	doi	10.7554/eLife.10627
knwiki.tsv:76227	ಹೋಮೋ ನಲೇದಿ	701990	2016-08-20T03:41:27Z	doi	10.7554/eLife.09561
knwiki.tsv:76227	ಹೋಮೋ ನಲೇದಿ	701990	2016-08-20T03:41:27Z	doi	10.7554/eLife.10627
knwiki.tsv:76227	ಹೋಮೋ ನಲೇದಿ	701990	2016-08-20T03:41:27Z	doi	10.7554/eLife.09560
kowiki.tsv:1432615	지카바이러스	15677776	2016-01-25T22:58:33Z	doi	10.7554/eLife.08347
kowiki.tsv:1602559	광유전학	17430796	2016-10-18T13:08:51Z	doi	10.7554/eLife.10482
kowiki.tsv:1604406	알파-시누클레인	17034672	2016-08-03T22:52:11Z	doi	10.7554/eLife.00592
lawiki.tsv:267888	Platynereis dumerilii	3277209	2017-06-17T00:05:52Z	doi	10.7554/eLife.02730
mlwiki.tsv:319006	ഹോമോ നഹ് ലെയ്ദി	2227482	2015-09-12T18:01:43Z	doi	10.7554/eLife.09561
mlwiki.tsv:319006	ഹോമോ നഹ് ലെയ്ദി	2227159	2015-09-11T13:30:09Z	doi	10.7554/eLife.09560
mlwiki.tsv:346633	ഉൾപരിവർത്തനം	2382813	2016-08-13T16:33:28Z	doi	10.7554/elife.02001
nlwiki.tsv:227138	Phytophthora infestans	47233587	2016-08-10T10:04:07Z	doi	10.7554/elife.00731
nlwiki.tsv:4385157	Rising Stargrotten	44871062	2015-09-10T10:30:48Z	doi	10.7554/eLife.09560
nlwiki.tsv:4385157	Rising Stargrotten	44871062	2015-09-10T10:30:48Z	doi	10.7554/eLife.09561
nowiki.tsv:389079	Menneskehøyde	17204677	2017-03-02T21:20:28Z	doi	10.7554/eLife.13410
nowiki.tsv:1395665	Zika-virus	16170945	2016-04-07T23:07:44Z	doi	10.7554/eLife.08347
nowiki.tsv:1505163	Homo naledi	17774696	2017-09-05T20:15:48Z	doi	10.7554/eLife.24231
orwiki.tsv:52372	ଜିକା ଭୁତାଣୁ	263462	2017-01-30T22:25:31Z	doi	10.7554/eLife.08347
plwiki.tsv:734275	Ambystoma plamista	50725685	2017-10-27T19:01:38Z	doi	10.7554/eLife.22054
plwiki.tsv:3546137	Homo naledi	43590591	2015-09-11T22:36:26Z	doi	10.7554/eLife.09560
ptwiki.tsv:21547	Hepadnaviridae	43647531	2015-10-14T03:14:34Z	doi	10.7554/eLife.00049
ptwiki.tsv:1579302	Estatura	48198660	2017-03-07T14:05:07Z	doi	10.7554/
ptwiki.tsv:1579302	Estatura	48932549	2017-05-31T15:28:36Z	doi	10.7554/eLife.13410
ptwiki.tsv:4855770	Homo naledi	43361604	2015-09-11T21:48:50Z	doi	10.7554/eLife.09561
ptwiki.tsv:61723	Homo	43353672	2015-09-10T22:22:51Z	doi	10.7554/eLife.09560
ptwiki.tsv:4930393	Surto de vírus Zika (2015–presente)	44651123	2016-02-01T04:41:40Z	doi	10.7554/eLife.08347
rowiki.tsv:1781014	Homo naledi	10599654	2016-06-30T08:59:32Z	doi	10.7554/eLife.09560
rowiki.tsv:2021533	Microscopie crioelectronică	11369372	2017-10-08T02:38:35Z	doi	10.7554/elife.03678
rowiki.tsv:2021533	Microscopie crioelectronică	11369372	2017-10-08T02:38:35Z	doi	10.7554/eLife.06380
ruwiki.tsv:2013693	Конфокальная микроскопия	85349373	2017-05-11T10:37:43Z	doi	10.7554/eLife.18683
ruwiki.tsv:1024786	Продление жизни	64055777	2014-07-06T21:56:54Z	doi	10.7554/eLife.00065
ruwiki.tsv:6208771	Эволюция фотосинтеза	76067288	2016-01-28T12:27:28Z	doi	10.7554/eLife.00961
ruwiki.tsv:6214077	Вспышка лихорадки Зика в Латинской Америке	76139379	2016-01-31T18:21:29Z	doi	10.7554/eLife.08347
ruwiki.tsv:5980186	Homo naledi	73253307	2015-09-10T15:53:13Z	doi	10.7554/eLife.09560
ruwiki.tsv:7160871	Протеинкиназа C тип дзета	88512547	2017-10-23T14:56:08Z	doi	10.7554/eLife.14846
ruwiki.tsv:7160871	Протеинкиназа C тип дзета	88512547	2017-10-23T14:56:08Z	doi	10.7554/eLife.16597
ruwiki.tsv:5678029	Cas9	70563575	2015-05-03T06:08:00Z	doi	10.7554/eLife.03401
ruwiki.tsv:6074218	Хромериды	74475769	2015-11-12T12:35:19Z	doi	10.7554/eLife.06974
ruwiki.tsv:3665752	Выращивание органов	67931175	2015-01-14T14:30:15Z	doi	10.7554/eLife.04885
ruwiki.tsv:3665752	Выращивание органов	70993053	2015-05-24T13:43:27Z	doi	10.7554/eLife.05098
ruwiki.tsv:5020784	Секвенирование древней ДНК	85087959	2017-04-27T13:45:46Z	doi	10.7554/eLife.00731
ruwiki.tsv:6145892	Сенотерапевтики	75546130	2016-01-05T20:08:10Z	doi	10.7554/eLife.12997
shwiki.tsv:4541596	Homo naledi	20197542	2015-09-11T13:13:38Z	doi	10.7554/eLife.09560
shwiki.tsv:4541596	Homo naledi	20197542	2015-09-11T13:13:38Z	doi	10.7554/eLife.09561
siwiki.tsv:48280	රැන්ඩි ෂෙක්මන්	278812	2013-10-08T16:10:18Z	doi	10.7554/eLife.00855
slwiki.tsv:438940	Vročica chikungunya	4899290	2017-09-20T15:28:28Z	doi	10.7554/eLife.00435
srwiki.tsv:120022	Слон	15636363	2017-11-26T19:09:25Z	doi	10.7554/eLife.25413
svwiki.tsv:1247	Människor	32451185	2016-01-11T10:06:20Z	doi	10.7554/eLife.09560
svwiki.tsv:5056988	Homo naledi	34360770	2016-05-02T18:16:31Z	doi	10.7554/eLife.09560
svwiki.tsv:6072365	Zikavirus	33062526	2016-02-06T21:27:14Z	doi	10.7554/eLife.08347
tawiki.tsv:194121	ரேன்டி சேக்மன்	1512687	2013-10-08T05:35:04Z	doi	10.7554/eLife.00855
tawiki.tsv:357353	ஹோமோநலேடி	2408374	2017-08-27T05:11:27Z	doi	10.7554/eLife.24231
tawiki.tsv:357353	ஹோமோநலேடி	2332782	2017-07-02T16:09:10Z	doi	10.7554/eLife.09560
thwiki.tsv:467742	เซลล์รับกลิ่น	7459938	2018-02-16T15:23:40Z	doi	10.7554/eLife.08127
thwiki.tsv:467742	เซลล์รับกลิ่น	7459938	2018-02-16T15:23:40Z	doi	10.7554/eLife.07865
thwiki.tsv:736214	Homo naledi	6144758	2015-09-11T13:27:26Z	doi	10.7554/eLife.09560
thwiki.tsv:762689	การระบาดของไวรัสซิกา	6322060	2016-02-02T11:54:26Z	doi	10.7554/eLife.08347
thwiki.tsv:916423	พันธุศาสตร์เชิงแสง	7421328	2018-01-26T03:39:18Z	doi	10.7554/eLife.10482
trwiki.tsv:2020660	Homo naledi	16093060	2015-09-18T09:48:54Z	doi	10.7554/eLife.09560
ukwiki.tsv:78815	Мітоз	19919843	2017-03-12T08:02:22Z	doi	10.7554/eLife.07635.002
ukwiki.tsv:764606	Фоторецептор	20833460	2017-08-05T22:20:59Z	doi	10.7554/eLife.20041
ukwiki.tsv:1594137	Редагування РНК	20951558	2017-08-27T12:07:43Z	doi	10.7554/eLife.05198
ukwiki.tsv:2015771	Homo naledi	20443583	2017-05-24T10:46:41Z	doi	10.7554/eLife.10627
ukwiki.tsv:2015771	Homo naledi	20443583	2017-05-24T10:46:41Z	doi	10.7554/eLife.09560
ukwiki.tsv:2056899	CRISPR	17055013	2015-11-15T15:24:12Z	doi	10.7554/eLife.00471.001
ukwiki.tsv:2113567	Альфа-синуклеїн	17706207	2016-03-03T11:40:43Z	doi	10.7554/eLife.00592
ukwiki.tsv:2423765	Melainabacteria	20281813	2017-05-10T11:16:36Z	doi	10.7554/eLife.01102
ukwiki.tsv:2487610	TRPM2	20925082	2017-08-22T12:44:53Z	doi	10.7554/eLife.17600
ukwiki.tsv:2492083	SETDB1	20956460	2017-08-28T10:21:13Z	doi	10.7554/eLife.02313
ukwiki.tsv:2498277	CDX1	20977129	2017-08-31T09:22:41Z	doi	10.7554/eLife.02313
ukwiki.tsv:2499396	Чікунгунья	20992063	2017-09-01T17:53:17Z	doi	10.7554/eLife.00435
ukwiki.tsv:2512966	SYCP3	21052649	2017-09-11T09:54:22Z	doi	10.7554/eLife.02963
ukwiki.tsv:2513518	KRAS	21053478	2017-09-11T11:22:13Z	doi	10.7554/eLife.02313
ukwiki.tsv:2518314	CLEC11A	21062832	2017-09-12T10:15:41Z	doi	10.7554/eLife.18782
ukwiki.tsv:2523781	NCSTN	21085032	2017-09-15T15:27:06Z	doi	10.7554/eLife.11182
ukwiki.tsv:2525878	APH1A	21100587	2017-09-18T10:15:32Z	doi	10.7554/eLife.11182
ukwiki.tsv:2526376	TOR1AIP2	21101270	2017-09-18T10:55:49Z	doi	10.7554/eLife.17983
ukwiki.tsv:2529466	CPEB4	21105646	2017-09-18T15:44:23Z	doi	10.7554/eLife.10034
ukwiki.tsv:2533114	MCU	21113522	2017-09-19T13:03:52Z	doi	10.7554/eLife.00704
ukwiki.tsv:2534036	USP28	21114832	2017-09-19T14:36:38Z	doi	10.7554/eLife.02313
ukwiki.tsv:2537695	ITFG1	21127693	2017-09-21T09:56:20Z	doi	10.7554/eLife.04449
ukwiki.tsv:2539240	PSENEN	21129721	2017-09-21T12:35:34Z	doi	10.7554/eLife.11182
ukwiki.tsv:2539276	ZNF304	21129759	2017-09-21T12:37:19Z	doi	10.7554/eLife.02313
urwiki.tsv:371450	ہومو نالیڈی	1450148	2015-09-10T17:09:40Z	doi	10.7554/eLife.09560
urwiki.tsv:447830	رینڈی شیک مین	1849705	2016-01-18T10:30:39Z	doi	10.7554/eLife.00855
viwiki.tsv:4952	Ty thể	26149001	2017-01-29T11:16:34Z	doi	10.7554/eLife.07464
viwiki.tsv:2414140	Randy Schekman	14154825	2013-10-10T10:33:40Z	doi	10.7554/eLife.00855
viwiki.tsv:3189549	Danh sách loài được mô tả năm 2015	22581609	2015-12-24T09:04:17Z	doi	10.7554/eLife.09560
viwiki.tsv:3258504	Homo naledi	21476192	2015-09-11T00:11:17Z	doi	10.7554/eLife.09560
viwiki.tsv:3258712	Lee Rogers Berger	21568496	2015-09-12T09:46:06Z	doi	10.7554/eLife.09560
viwiki.tsv:3306444	Virus Zika	22839924	2016-02-01T13:39:05Z	doi	10.7554/eLife.08347
viwiki.tsv:3309927	Bùng phát virus Zika (2015–nay)	22843833	2016-02-02T00:49:24Z	doi	10.7554/eLife.08347
viwiki.tsv:3688298	Hang động Rising Star	26569820	2017-05-17T10:33:41Z	doi	10.7554/eLife.09560
viwiki.tsv:3688298	Hang động Rising Star	26569820	2017-05-17T10:33:41Z	doi	10.7554/eLife.09561
zhwiki.tsv:5032740	纳莱迪人	39447657	2016-03-20T09:17:46Z	doi	10.7554/eLife.09560
zhwiki.tsv:1717421	兰迪·谢克曼	30197813	2014-02-15T01:08:32Z	doi	10.7554/eLife.00855
zhwiki.tsv:5917044	低温电子显微镜	46460893	2017-10-05T14:01:34Z	doi	10.7554/elife.03678
zhwiki.tsv:5248369	寨卡病毒疫情 (2015-2016年)	48238912	2018-02-10T19:11:03Z	doi	10.7554/eLife.08347
zhwiki.tsv:188281	黑腹果蝇	47680898	2018-01-05T17:24:27Z	doi	10.7554/eLife.06793
